{
  "mappings": {
    "_default_": {
      "_all": {
        "norms": {
          "enabled": false
        }
      },
      "dynamic_templates": [
        {
          "fields": {
            "mapping": {
              "ignore_above": 1024,
              "index": "not_analyzed",
              "type": "string"
            },
            "match_mapping_type": "string",
            "path_match": "fields.*"
          }
        }
      ],
      "properties": {
        "@timestamp": {
          "type": "date"
        },
        "beat": {
          "properties": {
            "hostname": {
              "ignore_above": 1024,
              "index": "not_analyzed",
              "type": "string"
            },
            "name": {
              "ignore_above": 1024,
              "index": "not_analyzed",
              "type": "string"
            }
          }
        },
        "input_type": {
          "ignore_above": 1024,
          "index": "not_analyzed",
          "type": "string"
        },
        "message": {
          "index": "analyzed",
          "norms": {
            "enabled": false
          },
          "type": "string"
        },
        "offset": {
          "type": "long"
        },
        "source": {
          "ignore_above": 1024,
          "index": "not_analyzed",
          "type": "string"
        },
        "tags": {
          "ignore_above": 1024,
          "index": "not_analyzed",
          "type": "string"
        },
        "type": {
          "ignore_above": 1024,
          "index": "not_analyzed",
          "type": "string"
        }
      }
    }
  },
  "order": 0,
  "settings": {
    "index.refresh_interval": "5s"
  },
  "template": "filebeat-*"
}